position:-30,1,taa,-0.64119
2,aga,-0.79261
3,tta,-1.14347
4,cta,-1.18933
5,aat,-1.86836
position:-29,1,cta,-0.18482
2,aat,-0.60569
3,gac,-1.26334
4,taa,-1.39625
5,tag,-1.46684
position:-28,1,tta,-0.26250
2,aca,-0.48990
3,att,-1.21980
4,taa,-1.39625
5,tac,-1.86382
position:-27,1,cta,-0.18482
2,tat,-0.77749
3,taa,-1.14456
4,tta,-1.39518
5,ttt,-1.42749
position:-26,1,tta,0.11506
2,ttt,-0.42670
3,aca,-0.76230
4,taa,-0.76703
5,tat,-1.03982
position:-25,1,tta,0.74433
2,cta,0.01608
3,taa,-0.51534
4,ttt,-1.62764
5,aac,-1.82869
position:-24,1,taa,1.49817
2,cta,0.41788
3,act,-1.09622
4,aca,-1.17090
5,tag,-1.26770
position:-23,1,ttt,-0.02639
2,aat,-0.03176
3,taa,-0.13781
4,act,-0.50601
5,tat,-0.90865
position:-22,1,att,0.84147
2,ata,-0.04031
3,taa,-0.51534
4,tta,-0.64006
5,cta,-0.98843
position:-21,1,aca,1.55310
2,taa,1.24648
3,ttt,0.57409
4,tta,0.49262
5,cta,0.41788
position:-20,1,tta,0.99603
2,ttt,0.27385
3,cta,0.01608
4,tat,-0.25282
5,act,-0.80111
position:-19,1,taa,2.88246
2,tta,2.00286
3,aca,0.73590
4,cta,0.21698
5,ttt,-0.12646
position:-18,1,taa,3.76337
2,tta,0.87018
3,ata,-0.04031
4,aaa,-0.04212
5,ttt,-0.22654
position:-17,1,taa,2.75661
2,tta,0.99603
3,aca,0.19110
4,aaa,0.15885
5,aat,-0.37612
position:-16,1,ata,2.18245
2,aca,1.41690
3,taa,1.37232
4,aaa,0.56079
5,aag,0.26179
position:-15,1,taa,3.63752
2,aag,1.44155
3,agg,1.15172
4,aca,1.14450
5,tta,-0.01079
position:-14,1,agg,5.98476
2,aag,4.45648
3,gag,4.38729
4,taa,2.63077
5,gga,1.76294
position:-13,1,agg,14.18627
2,aag,8.91333
3,gag,8.22166
4,gga,5.51833
5,taa,3.13414
position:-12,1,agg,23.99880
2,gga,19.00993
3,gag,18.92595
4,aag,13.50127
5,ggg,4.95435
position:-11,1,agg,39.81600
2,gag,30.42906
3,gga,29.16339
4,aag,14.41886
5,ggg,7.22162
position:-10,1,gga,40.01230
2,agg,37.32625
3,gag,32.82554
4,ggg,10.84926
5,aga,8.63037
position:-9,1,gag,40.01499
2,gga,32.77970
3,agg,12.28235
4,aga,7.38321
5,ggg,5.55896
position:-8,1,gag,23.23962
2,agg,11.11070
3,aga,7.93750
4,gaa,5.29433
5,agt,3.34626
position:-7,1,agg,3.20210
2,agt,3.05088
3,ata,2.57471
4,taa,1.62401
5,gaa,1.51747
position:-6,1,taa,2.75661
2,aat,0.65697
3,ata,0.48269
4,gta,-0.00616
5,gaa,-0.31374
position:-5,1,taa,4.89596
2,aaa,3.87677
3,aca,1.96170
4,tta,1.87701
5,aga,1.14741
position:-4,1,aat,5.47805
2,aac,3.11928
3,cat,0.51445
4,aaa,0.25934
5,tac,0.14826
position:-3,1,att,4.96401
2,aca,2.50650
3,ata,1.65945
4,act,1.55975
5,atc,1.51557
position:-2,1,tta,27.29938
2,cta,25.32963
3,tca,10.80823
4,taa,10.55896
5,caa,9.74985
position:-1,1,tat,74.51219
2,aat,55.75507
3,cat,48.87131
4,gat,25.68469
5,cgt,0.10756
position:0,1,atg,227.86842
2,gtg,13.27835
3,ttg,-4.12982
4,tac,-6.89402
5,gta,-6.89954
position:1,1,tga,111.27772
2,tgg,44.97219
3,tgt,35.85174
4,tgc,26.64662
5,tag,-4.85218
position:2,1,gaa,49.01440
2,gag,27.23375
3,gac,18.04118
4,gga,17.47995
5,gtc,16.07027
position:3,1,aaa,16.23636
2,agt,8.51541
3,aat,3.75624
4,tct,2.98865
5,aag,1.57263
position:4,1,aaa,10.20729
2,cta,8.65483
3,ata,5.84347
4,gta,3.00969
5,aac,1.62338
position:5,1,taa,11.06234
2,aaa,5.28356
3,tga,3.00570
4,tat,2.63285
5,aca,1.00830
position:6,1,aaa,7.89615
2,aag,4.84973
3,gaa,2.08972
4,att,1.87211
5,aat,0.65697
position:7,1,aga,3.64173
2,aaa,1.56563
3,aca,1.41690
4,aac,1.39324
5,cta,1.02059
position:8,1,act,3.62550
2,taa,3.38583
3,att,0.72695
4,tat,-0.25282
5,aat,-0.37612
position:9,1,aaa,4.07774
2,tta,3.89066
3,att,2.55920
4,gaa,0.37296
5,ctc,0.35219
position:10,1,tta,3.26139
2,ttg,2.42140
3,tag,1.71936
4,ata,0.61345
5,tac,0.57942
position:11,1,tat,3.55101
2,taa,1.74986
3,act,1.70730
4,aca,0.59970
5,agt,0.39245
position:12,1,att,3.93338
2,tta,3.13554
3,aaa,2.06805
4,gaa,-0.42819
5,atc,-0.84673
position:13,1,tta,4.77163
2,tag,2.51591
3,ttg,1.34938
4,ata,0.48269
5,cta,0.41788
position:14,1,tat,4.20685
2,act,2.00241
3,tct,0.46895
4,taa,0.23972
5,tac,0.14826
position:15,1,att,7.25431
2,tta,2.12871
3,ctg,-0.08457
4,aaa,-0.14260
5,ctc,-0.28488
position:16,1,ttg,4.80366
2,tta,2.75798
3,tag,1.52022
4,aag,-0.39363
5,cta,-1.18933
position:17,1,tgt,1.31684
2,tat,1.19001
3,taa,1.12063
4,tct,0.46895
5,act,-0.50601
position:18,1,att,2.44468
2,tta,-0.01079
3,ctg,-0.49781
4,gaa,-0.65709
5,gtt,-0.90977
position:19,1,tta,2.12871
2,ttg,1.82583
3,ccc,0.22858
4,ctc,-0.12562
5,tag,-0.27201
position:20,1,tat,0.66535
2,tga,-0.08452
3,act,-0.35845
4,tct,-0.51094
5,taa,-0.64119
position:21,1,att,1.64308
2,tta,0.49262
3,ctc,0.19292
4,ctg,0.01874
5,gaa,-0.54264
position:22,1,tag,2.51591
2,ttg,2.06406
3,aag,0.91721
4,tcg,-0.22149
5,gta,-0.43700
position:23,1,tct,0.18898
2,tat,-0.38399
3,cct,-0.43312
4,tag,-0.47115
5,taa,-0.64119
position:24,1,gtc,0.07288
2,ctg,-0.18788
3,tta,-0.51421
4,gaa,-0.54264
5,gac,-0.69970
position:25,1,ttg,1.82583
2,tag,0.52454
3,tgg,-0.37123
4,aag,-0.52471
5,tcg,-0.96137
position:26,1,cct,0.30057
2,tat,-0.12165
3,tct,-0.51094
4,cga,-0.62623
5,gct,-1.37262
position:27,1,ctg,2.29158
2,att,-0.30368
3,gtc,-1.34281
4,gcc,-1.47302
5,ctc,-1.55903
position:28,1,tgg,0.64900
2,tcg,0.27176
3,tag,-0.07288
4,ttg,-0.43732
5,cta,-1.18933
position:29,1,gct,1.66067
2,act,1.26464
3,tat,0.66535
4,cct,-0.57986
5,tgt,-0.59419
position:30,1,ctg,3.11807
2,att,0.03986
3,ctc,-0.28488
4,cta,-0.38572
5,tta,-0.76591
